{"cameraMode":{"drawMode":0,"name":"Shaded","section":"Shading Mode"},"sceneLighting":false,"audioPlay":false,"sceneViewState":{"showFog":true,"showMaterialUpdate":false,"showSkybox":true,"showFlares":true,"showImageEffects":true,"showParticleSystems":true},"in2DMode":false,"pivot":{"x":-1.8768409490585328,"y":1.462151288986206,"z":-0.74896240234375},"rotation":{"x":0.059585899114608768,"y":-0.9337846040725708,"z":0.18530631065368653,"w":0.3002622723579407},"size":6.769221782684326,"orthographic":false}